Games,Category,Hidden
007 Nightfire,Gamecube,
Army Men: Sarge’s War,Gamecube,
Dave Mira’s Freestyle BMX 2,Gamecube,
Def Jam Vendetta,Gamecube,
Dragon ball Z Sagas,Gamecube,
DragonballZ Budokai,Gamecube,
DragonballZ Budokai 2,Gamecube,
F-ZeroGX,Gamecube,
Fantastic 4,Gamecube,
Fifa Soccer 2005,Gamecube,
Freedom Fighters,Gamecube,
Goldeneye: Rogue Agent,Gamecube,
Legends of Wrestling 2,Gamecube,
Lego Star Wars,Gamecube,
Lego Star Wars 2: The Complete Trilogy,Gamecube,
Mario Golf: Toadstool Tour,Gamecube,
Mario Party 4,Gamecube,
Mario Party 5,Gamecube,
Mario Party 7,Gamecube,
Mario Superstar Baseball,Gamecube,
Mariokart Double Dash,Gamecube,
Mega Man Anniversary Collection,Gamecube,
"Monsters, Inc. Scream Arena",Gamecube,
Naruto Clash of Ninja 2,Gamecube,
NBA Street 2,Gamecube,
OUT FOR REPAIR – Simpsons Hit and Run,Gamecube,
Pokemon Colesseum,Gamecube,
Rampage Total Destruction,Gamecube,
Shrek Superslam,Gamecube,
SONIC Mega Collection,Gamecube,
Soul Calibur II,Gamecube,
"Spongebob Squarepants Lights, Camera, Pants!",Gamecube,
SSX On Tour,Gamecube,
Starfox Assault,Gamecube,
Starsky & Hutch,Gamecube,
Street Hoops,Gamecube,
Super Mario Sunshine,Gamecube,
Super Monkey Ball 2,Gamecube,
Super Smash Bros. Melee,Gamecube,
Swingerz Golf,Gamecube,
Tonky Hawk’s Pro Skater 3,Gamecube,
Tony Hawk’s Underground 2,Gamecube,
Viewtiful Joe Red Hot Rumble,Gamecube,
Waverace: Blue Storm,Gamecube,
WORMS: 3D,Gamecube,
Wrestlemania X8,Gamecube,
Crazy Taxi,Gamecube / PS2,
NBA Street,Gamecube / PS2,
Need for Speed Most Wanted,Gamecube / PS2,
Simpsons Road Rage,Gamecube / PS2,
Tony Hawk’s Pro Skater 4,Gamecube / PS2,
Tony Hawk’s Underground,Gamecube / PS2,
FIFA Street,Gamecube / PS3 / Xbox360,
1080 Snowboarding,N64,X
Conker’s Bad Fur Day,N64,
Cruisin World,N64,
Cruisin’ USA,N64,
Daikitana,N64,
Diddy Kong Racing,N64,
Donkey Kong 64,N64,X
Forsaken 64,N64,
Fox Sports College Hoops 99,N64,
Gauntlet Legends,N64,
Goldeneye 007,N64,
Jet Force Gemini,N64,
Mario Golf,N64,
Mario Kart 64,N64,
Mario Party,N64,
Mario Party 2,N64,
Mario Party 3,N64,
Mario Tennis,N64,
NHL 99,N64,X
NHL Breakaway 99,N64,
Perfect Dark,N64,
Pokemon Snap,N64,
Pokemon Stadium,N64,
Quake II,N64,
Ready 2 Rumble Boxing,N64,
Rush,N64,
Star Wars Episode I Pod Racer,N64,
Starfox 64,N64,
Strike Zone,N64,
Super Smash Bros.,N64,
The World is Not Enough 007,N64,
Tony Hawks Pro Skater,N64,
Top Gear Overdrive,N64,
Vigilante 8 2nd Offence,N64,X
Wave Race 64,N64,
WCW vs NWO World Tour,N64,
WWF War Zone,N64 / PS1,
Balloon Fight,NES Mini,
Bubble Bobble,NES Mini,
Castlevania ,NES Mini,
Castlevania 2 Simon’s Quest,NES Mini,
Donkey Kong,NES Mini,
Donkey Kong Jr.,NES Mini,
Double Dragon II,NES Mini,
Dr. Mario,NES Mini,
Excitebike,NES Mini,
Final Fantasy,NES Mini,
Galaga,NES Mini,
Ghosts N’ Goblins,NES Mini,
Gradius,NES Mini,
Kid Icarus,NES Mini,
Kirby’s Adventure,NES Mini,
Mario Bros.,NES Mini,
Mega Man 2,NES Mini,
Metroid,NES Mini,
Ninja Gaiden,NES Mini,
Pac Man,NES Mini,
Punch Out,NES Mini,
Star Tropics,NES Mini,
Super Mario Bros.,NES Mini,
Super Mario Bros. 2,NES Mini,
Super Mario Bros. 3,NES Mini,
Tecmo Super Bowl,NES Mini,
The Legend of Zelda,NES Mini,
Zelda II: The Adventure of Link,NES Mini,
Advanced Dungeons & Dragons: Iron & Blood: Warriors of Ravenloft,PS1,
Air Combat,PS1,
Army Men 3D,PS1,
Army Men Sarge’s Heroes,PS1,
Asteroids,PS1,
Bio Freaks,PS1,
Command & Conquer Red Alert Retaliation,PS1,
Cool Boarders 3,PS1,
Crash Bandicoot,PS1,
CTR (Crash Team Racing),PS1,
Destruction Derby,PS1,
DOOM,PS1,
Dragon Ball Z Ultimate Battle 22,PS1,
Duke Nukem Land of the Babes,PS1,
Duke Nukem Time To Kill,PS1,
Gran Turismo,PS1,
Gran Turismo 2,PS1,
Grand Theft Auto,PS1,
Jet Moto,PS1,
Jet Moto 2,PS1,
King of Fighters 99,PS1,
Knockout Kings,PS1,
Marvel vs. Capcom,PS1,
Metal Gear Solid,PS1,
N2O Nitrous Oxide,PS1,
Namco Tekken 2,PS1,
Need for Speed III: Hot Pursuit,PS1,
Pong: Next Level,PS1,
Resident Evil 2,PS1,
Ridge Racer Revolution,PS1,
Siphon Filter 2,PS1,
Starwinder,PS1,
Test Drive 5,PS1,
Tony Hawk’s Pro Skater 3,PS1,
Twisted Metal 2,PS1,
Vigilante 8 2nd offence,PS1,
X-Men Mutant Academy,PS1,
Ace Combat 04,PS2,
Armored Core 3,PS2,
Army Men – Air Attack 2,PS2,
Art of Fighting Anthology,PS2,
Atari Anthology,PS2,
ATV Offroad Fury 3,PS2,
Backyard Wrestling 2: There Goes the Neighborhood,PS2,
Backyard Wrestling: Don’t Try This At Home,PS2,
Battle Racing Ignited Burnout Revenge,PS2,
Blitz The League,PS2,
Brothers in Arms: Earned in Blood,PS2,
Brothers in Arms: Road to Hill 30,PS2,
Burnout 3 Takedown,PS2,
Def Jam Fight for NY,PS2,
Dragonball Z Budokai,PS2,
Dragonball Z Budokai Tenkaichi 3,PS2,
Dynasty Warriors 5,PS2,
Fatal Fury Battle Archives Volume 1,PS2,
Fatal Fury Battle Archives Volume 2,PS2,
Flatout2,PS2,
Gran Turismo 4,PS2,
Gran Turiso 3 A-Spec,PS2,
Grand Theft Auto III,PS2,
Hot Shots Golf Fore!,PS2,
Hot Shots Tennis,PS2,
Juiced,PS2,
Katamari Damacy,PS2,
Killzone,PS2,
Lord of the Rings Return of the King,PS2,
Lord of the Rings The Two Towers,PS2,
Midnight Club 3 DUB edition remix,PS2,
Midway Arcade Treasures 3,PS2,
Mortal Kombat Armageddon,PS2,
Mortal Kombat Deadly Alliance,PS2,
Motorcross Mania 3,PS2,
Namco Museum 50th Anniversary,PS2,
Naruto: Ultimate Ninja,PS2,
Naruto: Ultimate Ninja 3,PS2,
Ratchet: Deadlocked,PS2,
Robot Alchemic Drive,PS2,
Samaurai Warriors,PS2,
Samaurai Warriors 2 Empires,PS2,
SSX Tricky,PS2,
Star Trek Encounters,PS2,
Star Wars Racer Revenge,PS2,
Street Fighter Alpha Anthology,PS2,
Super Bust-A-Move 2,PS2,
Tekken 4,PS2,
Tekken 5,PS2,
The Sims 2,PS2,
The Urbz: Sims in the City,PS2,
Tom Clancy’s Ghost Recon,PS2,
Tony Hawk’s Project 8,PS2,
Twisted Metal Black,PS2,
UFC Sudden Impact,PS2,
Ultimate Ninja 4: Naruto Shippuden,PS2,
Virtua Fighter 4,PS2,
We ♥ Katamari,PS2,
Star Wars Battlefront,PS2 / PS4,
Marvel Ultimate Alliance,PS2 / Wii,
Metal Slug Anthology,PS2 / Wii,
WW Smackdown Vs. Raw 2007,PS2 / Xbox360,
Alice Madness Returns,PS3,
Aliens Colonial Marines,PS3,
Army of Two The Devil’s Cartel,PS3,
Assassin’s Creed II,PS3,
Assassin’s Creed Revelations,PS3,
Batman Arkham City,PS3,
BlazBlue: Calamity Trigger,PS3,
BlazBlue: Continuum Shift Extended,PS3,
Blur,PS3,
Call of Duty 4: Modern Warfare,PS3,
Dead or Alive 5,PS3,
Dead Rising 2 Off the Record,PS3,
Deus Ex Human Revolution,PS3,
Doom 3 BFG Edition,PS3,
Dragon’s Crown,PS3,
Dragonball Raging Blast 2,PS3,
Dragonball Z Ultimate Tenkachi,PS3,
Dynasty Warriors 6,PS3,
Dynasty Warriors 7 Xtreme Legends,PS3,
Earth Defense Force 2025,PS3,
Fallout New Vegas,PS3,
Family Guy Back to the Multivers,PS3,
FIFA Soccer 10,PS3,
Fight Night Round 3,PS3,
Gran Turismo 5,PS3,
Grand Theft Auto IV,PS3,
Injustice Gods Among Us,PS3,
Katamari Forever,PS3,
Lego Harry Potter Years 1-4,PS3,
Lego Harry Potter Years 5-7,PS3,
Lego Lord of the Rings,PS3,
Lego Pirates of the Caribbean,PS3,
Little Big Planet,PS3,
Little Big Planet 2,PS3,
Madden NFL 10,PS3,
Minecraft PS3 Edition,PS3,
Mortal Kombat,PS3,
Mortal Kombat vs. DC Universe,PS3,
Naruto Shippuden: Ultimate Ninja Storm 3,PS3,
NBA 2k11,PS3,
Need for Speed Pro Street,PS3,
NHL 12,PS3,
Playstation All-Stars Battle Royale,PS3,
Pro Evolution Soccer 2013,PS3,
Rayman Origins,PS3,
Resident Evil 6,PS3,
Resistance 3,PS3,
Shaun White Skateboarding,PS3,
Skyrim,PS3,
Sonic & Sega All Stars Racing,PS3,
Split/Second,PS3,
Street Fighter X Tekken,PS3,
Super Street Fighter IV Arcade Edition,PS3,
Tekken 6,PS3,
Tekken Tag Tournament 2,PS3,
Tom Clancy’s Rainbow Six Vegas,PS3,
Topspin 3,PS3,
Twisted Metal,PS3,
Unreal Tournament,PS3,
Virtua Fighter 5,PS3,
WW Smackdown Vs. Raw 2008,PS3,
WW12,PS3,
Call of Duty: Advanced Warfare,PS3 / Xbox360,
Call of Duty: Black Ops II,PS3 / Xbox360,
Call of Duty: Ghosts,PS3 / Xbox360,
Call of Duty: Modern Warfare 2,PS3 / Xbox360,
Call of Duty: Modern Warfare 3,PS3 / Xbox360,
Grand Theft Auto V,PS3 / Xbox360,
Lego Batman,PS3 / Xbox360,
Portal 2,PS3 / Xbox360,
Soul Calibur IV,PS3 / Xbox360,
BlazBlue: Chrono Phantasma Extended,PS4,
Borderlands: The Handsome Collection,PS4,
Bralhalla (D),PS4,
Call of Duty: Black Ops 3,PS4,
Call of Duty: Black Ops 4 [zombies unavail.],PS4,
Dragon Ball Fighter Z,PS4,
Duck Game (D),PS4,
FIFA 17,PS4,
FIFA 20,PS4,
Gran Turismo Sport,PS4,
Guilty Gear Strive,PS4,
"Hasbro Family Fun Pack (Scrabble, Trivial Pursuit, Monopoly, Risk)",PS4,
Injustice: Gods Among Us,PS4,
Jump Force,PS4,
Lego Marvel Super Heroes,PS4,
Little Big Planet 3,PS4,
Madden 20,PS4,
Madden 23,PS4,
Marvel Vs Capcom: Infinite,PS4,
Mortal Kombat 11,PS4,
NBA 2K19,PS4,
NBA 2K20,PS4,
NHL 19,PS4,
NHL 21 (D),PS4,
Nickelodeon Kart Racers 2: Grand Prix,PS4,
PES 2018,PS4,
Samurai Shodown,PS4,
Samurai Warriors 4,PS4,
Sonic Mania (D),PS4,
Star Wars Battlefront 2,PS4,
Street Fighter V,PS4,
Tekken 7,PS4,
The Golf Club,PS4,
The Messenger (D),PS4,
Tony Hawk’s Pro Skater 1 + 2,PS4,
Trials Fusion,PS4,
UFC,PS4,
Warriors Orochi 3 Ultimate,PS4,
I am Bread (D),PS4 / PS5,
Lovers in a Dangerous Spacetime (D),PS4 / PS5,
Mortal Kombat X,PS4 / PS5,
Nidhogg (D),PS4 / PS5,
Rocket League (D),PS4 / PS5,
Soul Calibur VI,PS4 / PS5,
Starwhal (D),PS4 / PS5,
Street Fighter VI,PS4 / PS5,
Tricky Towers (D),PS4 / PS5,
Gang Beasts (D),PS4 / PS5 / Switch,
It Takes Two (D),PS4 / PS5 / Switch,
Overcooked (D),PS4 / PS5 / Switch,
Overcooked 2 (D),PS4 / PS5 / Switch,
SpeedRunners (D),PS4 / PS5 / Switch,
Towerfall Ascension (D),PS4 / PS5 / Switch,
Ultimate Chicken Horse (D),PS4 / PS5 / Switch,
Worms W.M.D. (D),PS4 / PS5 / Switch,
Shovel Knight: Treasure Trove (D),PS4 / Switch,
FIFA 23,PS4 / Xbox Series S,
Brawlout (D),PS4/PS5,
Brawlhala (D),PS5,
Bro Force (D),PS5,
Castle Crashers (D),PS5,
Dragon Ball: Sparking! Zero,PS5,
FC24 (D),PS5,
Garfield Kart Furious Racing (D),PS5,
Human Fall Flat (D),PS5,
Injustice 2 (D),PS5,
Mortal Kombat 1 (D),PS5,
Mortal Kombat 11 (D),PS5,
NBA 2K23 (D),PS5,X
Nidhogg 2 (D),PS5,
Octodad: Dadliest Catch (D),PS5,
Sackboy: A Big Adventure (D),PS5,
Sonic Team Racing (D),PS5,
Tekken 8 (D),PS5,
Jackbox Party Starter (D) ,PS5 / Switch,
Untitled Goose Game (D),PS5 / Switch,
Contra III: The Alien Wars,SNES Mini,
Donkey Kong Country,SNES Mini,
Earthbound,SNES Mini,
Final Fantasy III,SNES Mini,
Kirby Super Star,SNES Mini,
Kirby’s Dream Course,SNES Mini,
Megaman X,SNES Mini,
Secret of Mana,SNES Mini,
Star Fox,SNES Mini,
Star Fox 2,SNES Mini,
Street Fighter II Turbo Hyper Fighting,SNES Mini,
Super Ghouls ‘N Ghosts,SNES Mini,
Super Mario Kart,SNES Mini,
Super Mario RPG,SNES Mini,
Super Mario World,SNES Mini,
Super Mario World 2: Yoshi’s Island,SNES Mini,
Super Metroid,SNES Mini,
Super Punch Out,SNES Mini,
The Legend of Zelda: A Link to the Past,SNES Mini,
ARMS,Switch,
Boomerang Fu (D),Switch,
Crash Team Racing Nitro Fueled,Switch,
Donkey Kong Country: Tropical Freeze,Switch,
Guacamelee,Switch,
Guacamelee 2,Switch,
Hades (D),Switch,X
Heave Ho (D),Switch,
Heavy Burger (D),Switch,
Keep Talking and Nobody Explodes (D),Switch,
Kirby Star Allies,Switch,
Luigi’s Mansion 3,Switch,
Mario & Sonic at the Olympic Games Tokyo 2020,Switch,
Mario + Rabbids Kingdom Battle,Switch,
Mario Golf: Super Rush,Switch,
Mario Kart 8 Deluxe,Switch,
Mario Party Superstars (D),Switch,
Mario Tennis Aces,Switch,
Marvel Ultimate Alliance 3,Switch,
Nickelodeon All Star Brawl (D),Switch,
Pico Park (D),Switch,
Pico Park 2 (D),Switch,
Snipperclips (D),Switch,
Sonic Mania Plus (D),Switch,
Stikbold! A Dodgeball Adventure (D),Switch,
Streets of Rage 4,Switch,
Super Bomberman,Switch,
Super Kirby Clash (D),Switch,
Super Mario Bros. U Deluxe,Switch,
Super Mario Bros. Wonder,Switch,
Super Mario Odyssey,Switch,
Super Mario Party (D),Switch,
Super Mario Party Jamboree,Switch,
Super Monkey Ball Banana Mania,Switch,
Super Smash Bros. Ultimate,Switch,
Tools Up! (D),Switch,
Unravel Two (D),Switch,
Yoshi’s Crafted World,Switch,
Super Mario Maker,Switch / WiiU,
Donkey Kong Bananza,Switch2,
Minecraft,Switch/Switch2,
Moving Out (D),Switch/Switch2,
Mario Kart World,Switch2,
Avatar The Last Airbender: The Burning Earth,Wii,
Blazing Angels: Squadrons of WWII,Wii,
Bust-A-Move VASH!,Wii,
Centipede: Infestation,Wii,
Donkey Kong Country Returns,Wii,
Dragonball Revenge of King Piccolo,Wii,
Geometry Wars Galaxies,Wii,
Lego Batman The Videogame,Wii,
Lego Harry Potter,Wii,
Lego Indiana Jones 2 The Adventure Continues,Wii,
LEGO Indiana Jones: The Original Adventures,Wii,
Lego Star Wars: The Complete Saga,Wii,
Mario Kart Wii,Wii,
Mario Party 8,Wii,X
Mario Sports Mix,Wii,
Mario Strikers Charged,Wii,
Mario Super Sluggers,Wii,
Need For Speed Nitro,Wii,
Need For Speed Undercover,Wii,
Punch Out!!,Wii,
Rampage Total Destruction,Wii,
Raving Rabbids Travel In Time,Wii,
Rayman Raving Rabbids,Wii,
Rayman Raving Rabbids 2,Wii,
Rayman Raving Rabbids TV Party,Wii,
SSX Blur,Wii,
Super Mario All Stars,Wii,
Super Monkey Ball Banana Blitz,Wii,
Super Smash Bros. Brawl,Wii,
The House Of The Dead 2&3 Return,Wii,
Warioware Smooth Moves,Wii,
Hyrule Warriors,WiiU,
Lego The Movie The Videogame,WiiU,
Mario Kart 8,WiiU,
Mario Party 10,WiiU,
Need for Speed Most Wanted U,WiiU,
NES Remix Pack,WiiU,
New Super Luigi U,WiiU,
NintendoLand,WiiU,
Pikmin 3,WiiU,
Pokken Tournament,WiiU,
Sonic All Stars Racing: Transformed,WiiU,
Splatoon,WiiU,
Super Mario 3D World,WiiU,
Super Smash Bros WiiU,WiiU,
Wii Party U,WiiU,
ZombiU,WiiU,
Aliens vs. Predator,Xbox360,
Army of Two,Xbox360,
Army of Two 40 Day,Xbox360,
Assassin’s Creed III,Xbox360,
Assassin’s Creed IV Black Flag,Xbox360,
Batman Arkham Asylum,Xbox360,
Batman Arkham City,Xbox360,
Battlefield 3,Xbox360,
Battlefield 3 Limited Edition,Xbox360,
Bioshock Infinite,Xbox360,
Borderlands,Xbox360,
Borderlands 2,Xbox360,
Brütal Legend,Xbox360,
Call of Duty 2,Xbox360,
Dark Souls,Xbox360,
Dirt 3,Xbox360,
Dishonored,Xbox360,
Dynasty Warriors Gundam 2,Xbox360,
Dynasty Warriors: Gundam,Xbox360,
Fairytale Fights,Xbox360,
FORZA 2 Motorsport,Xbox360,
Gears of War,Xbox360,
Gears of War 2,Xbox360,
Gears of War 3,Xbox360,
Halo 3 ODST,Xbox360,
Halo 4,Xbox360,
Halo Combat Evolved Anniversary,Xbox360,
Halo Reach,Xbox360,
Happy Feet Two,Xbox360,
Hunted The Demon’s Forge,Xbox360,
Just Cause 2,Xbox360,
Kane & Lynch 2 Dog Days,Xbox360,
Left 4 Dead,Xbox360,
Left 4 Dead 2,Xbox360,
Lego Batman 2 DC Super Heroes,Xbox360,
Lego Star Wars II The Original Trilogy,Xbox360,
Lost Planet 2,Xbox360,
Madden 16,Xbox360,
Midnight Club Lost Angeles Complete Edition,Xbox360,
Minecraft Xbox 360 Edition,Xbox360,
Monster Madness Battle for Suburbia,Xbox360,X
NBA 2K14,Xbox360,
NHL 14,Xbox360,
OUT FOR REPAIR – Street Fighter IV,Xbox360,
Perfect Dark Zero,Xbox360,
PGR 3,Xbox360,
PGR 4,Xbox360,
Pro Evolution Soccer 2007,Xbox360,
Pure Futbol,Xbox360,
Red Dead Redemption: Undead Nightmare,Xbox360,
Samurai Showdown Sen,Xbox360,
Samurai Warriors 2,Xbox360,
Skate 2,Xbox360,
Sonic’s Ultimate Genesis Collection,Xbox360,
Soul Calibur V,Xbox360,
Super Street Fighter IV,Xbox360,
Table Tennis (Rockstar Games),Xbox360,
Tetris Evolution,Xbox360,
The Simpsons Game,Xbox360,
The Sims 3,Xbox360,
Tom Clancy’s Ghost Recon: Future Soldier,Xbox360,
Tom Clancy's Splinter Cell: Blacklist,Xbox360,
Tony Hawk’s Proving Ground,Xbox360,
Viva Pinata,Xbox360,
WW ’13,Xbox360,
WW Smackdown Vs. Raw 2010,Xbox360,